"sample","mouse","treatment","timepoint","aro_term","amr_gene_family","drug_class","resistance_mechanism","tpm"
"ac351","351","control","after","tet(40)","major facilitator superfamily (MFS) antibiotic efflux pump","tetracycline antibiotic","antibiotic efflux",18547.4227869102
"ac351","351","control","after","tet(Q)","tetracycline-resistant ribosomal protection protein","tetracycline antibiotic","antibiotic target protection",752794.227053035
"ac351","351","control","after","tet(32)","tetracycline-resistant ribosomal protection protein","tetracycline antibiotic","antibiotic target protection",7077.00100713044
"ac351","351","control","after","tet(O)","tetracycline-resistant ribosomal protection protein","tetracycline antibiotic","antibiotic target protection",6862.54643115679
"ac351","351","control","after","Mef(En2)","major facilitator superfamily (MFS) antibiotic efflux pump","macrolide antibiotic; lincosamide antibiotic","antibiotic efflux",65211.2621070123
"ac351","351","control","after","Bifidobacterium adolescentis rpoB mutants conferring resistance to rifampicin","rifamycin-resistant beta-subunit of RNA polymerase (rpoB)","rifamycin antibiotic","antibiotic target alteration; antibiotic target replacement",149507.540614755
"ac352","352","control","after","tet(Q)","tetracycline-resistant ribosomal protection protein","tetracycline antibiotic","antibiotic target protection",675370.767167409
"ac352","352","control","after","Mef(En2)","major facilitator superfamily (MFS) antibiotic efflux pump","macrolide antibiotic; lincosamide antibiotic","antibiotic efflux",79084.0601836198
"ac352","352","control","after","Bifidobacterium adolescentis rpoB mutants conferring resistance to rifampicin","rifamycin-resistant beta-subunit of RNA polymerase (rpoB)","rifamycin antibiotic","antibiotic target alteration; antibiotic target replacement",233092.453419118
"ac352","352","control","after","tet(40)","major facilitator superfamily (MFS) antibiotic efflux pump","tetracycline antibiotic","antibiotic efflux",12452.7192298532
"ac353","353","control","after","tet(Q)","tetracycline-resistant ribosomal protection protein","tetracycline antibiotic","antibiotic target protection",625087.311710072
"ac353","353","control","after","tet(O)","tetracycline-resistant ribosomal protection protein","tetracycline antibiotic","antibiotic target protection",8075.85314463388
"ac353","353","control","after","Mef(En2)","major facilitator superfamily (MFS) antibiotic efflux pump","macrolide antibiotic; lincosamide antibiotic","antibiotic efflux",180675.803267222
"ac353","353","control","after","Bifidobacterium adolescentis rpoB mutants conferring resistance to rifampicin","rifamycin-resistant beta-subunit of RNA polymerase (rpoB)","rifamycin antibiotic","antibiotic target alteration; antibiotic target replacement",104388.449817039
"ac353","353","control","after","tet(W/32/O)","tetracycline-resistant ribosomal protection protein","tetracycline antibiotic","antibiotic target protection",18276.9308010135
"ac353","353","control","after","tet(40)","major facilitator superfamily (MFS) antibiotic efflux pump","tetracycline antibiotic","antibiotic efflux",63495.6512600207
"ac354","354","control","after","tet(40)","major facilitator superfamily (MFS) antibiotic efflux pump","tetracycline antibiotic","antibiotic efflux",23653.6213619071
"ac354","354","control","after","tet(Q)","tetracycline-resistant ribosomal protection protein","tetracycline antibiotic","antibiotic target protection",737539.123068596
"ac354","354","control","after","Mef(En2)","major facilitator superfamily (MFS) antibiotic efflux pump","macrolide antibiotic; lincosamide antibiotic","antibiotic efflux",54036.1080940213
"ac354","354","control","after","Bifidobacterium adolescentis rpoB mutants conferring resistance to rifampicin","rifamycin-resistant beta-subunit of RNA polymerase (rpoB)","rifamycin antibiotic","antibiotic target alteration; antibiotic target replacement",184771.147475475
"ac355","355","control","after","ErmG","Erm 23S ribosomal RNA methyltransferase","macrolide antibiotic; lincosamide antibiotic; streptogramin antibiotic; streptogramin A antibiotic; streptogramin B antibiotic","antibiotic target alteration",24375.0651311374
"ac355","355","control","after","mel","msr-type ABC-F protein","macrolide antibiotic; streptogramin antibiotic","antibiotic target protection",38243.6366712674
"ac355","355","control","after","tet(Q)","tetracycline-resistant ribosomal protection protein","tetracycline antibiotic","antibiotic target protection",657452.554611552
"ac355","355","control","after","Mef(En2)","major facilitator superfamily (MFS) antibiotic efflux pump","macrolide antibiotic; lincosamide antibiotic","antibiotic efflux",194903.505864498
"ac355","355","control","after","Bifidobacterium adolescentis rpoB mutants conferring resistance to rifampicin","rifamycin-resistant beta-subunit of RNA polymerase (rpoB)","rifamycin antibiotic","antibiotic target alteration; antibiotic target replacement",85025.2377215456
"ac356","356","control","after","tet(Q)","tetracycline-resistant ribosomal protection protein","tetracycline antibiotic","antibiotic target protection",672142.313639083
"ac356","356","control","after","Mef(En2)","major facilitator superfamily (MFS) antibiotic efflux pump","macrolide antibiotic; lincosamide antibiotic","antibiotic efflux",72669.8079306917
"ac356","356","control","after","Bifidobacterium adolescentis rpoB mutants conferring resistance to rifampicin","rifamycin-resistant beta-subunit of RNA polymerase (rpoB)","rifamycin antibiotic","antibiotic target alteration; antibiotic target replacement",255187.878430225
"ad363","363","doxil","after","CblA-1","CblA beta-lactamase","cephalosporin","antibiotic inactivation",14367.195538621
"ad363","363","doxil","after","tet(40)","major facilitator superfamily (MFS) antibiotic efflux pump","tetracycline antibiotic","antibiotic efflux",14346.7585606144
"ad363","363","doxil","after","tet(Q)","tetracycline-resistant ribosomal protection protein","tetracycline antibiotic","antibiotic target protection",652584.636645613
"ad363","363","doxil","after","tet(32)","tetracycline-resistant ribosomal protection protein","tetracycline antibiotic","antibiotic target protection",16141.8277507105
"ad363","363","doxil","after","tet(O)","tetracycline-resistant ribosomal protection protein","tetracycline antibiotic","antibiotic target protection",8070.91387535525
"ad363","363","doxil","after","Mef(En2)","major facilitator superfamily (MFS) antibiotic efflux pump","macrolide antibiotic; lincosamide antibiotic","antibiotic efflux",17318.5086834359
"ad363","363","doxil","after","Bifidobacterium adolescentis rpoB mutants conferring resistance to rifampicin","rifamycin-resistant beta-subunit of RNA polymerase (rpoB)","rifamycin antibiotic","antibiotic target alteration; antibiotic target replacement",269801.063668152
"ad363","363","doxil","after","tet(W/32/O)","tetracycline-resistant ribosomal protection protein","tetracycline antibiotic","antibiotic target protection",7369.09527749827
"ad364","364","doxil","after","tet(40)","major facilitator superfamily (MFS) antibiotic efflux pump","tetracycline antibiotic","antibiotic efflux",47640.7800041866
"ad364","364","doxil","after","CblA-1","CblA beta-lactamase","cephalosporin","antibiotic inactivation",56382.9433382881
"ad364","364","doxil","after","tet(Q)","tetracycline-resistant ribosomal protection protein","tetracycline antibiotic","antibiotic target protection",805006.097988675
"ad364","364","doxil","after","tet(32)","tetracycline-resistant ribosomal protection protein","tetracycline antibiotic","antibiotic target protection",23410.9770489323
"ad364","364","doxil","after","tet(O)","tetracycline-resistant ribosomal protection protein","tetracycline antibiotic","antibiotic target protection",42346.3261326276
"ad364","364","doxil","after","Mef(En2)","major facilitator superfamily (MFS) antibiotic efflux pump","macrolide antibiotic; lincosamide antibiotic","antibiotic efflux",25212.8754872903
"ad365","365","doxil","after","CblA-1","CblA beta-lactamase","cephalosporin","antibiotic inactivation",7405.85906108774
"ad365","365","doxil","after","tet(44)","tetracycline-resistant ribosomal protection protein","tetracycline antibiotic","antibiotic target protection",11542.0486771087
"ad365","365","doxil","after","tet(Q)","tetracycline-resistant ribosomal protection protein","tetracycline antibiotic","antibiotic target protection",777648.966729081
"ad365","365","doxil","after","tet(O)","tetracycline-resistant ribosomal protection protein","tetracycline antibiotic","antibiotic target protection",30618.5985556846
"ad365","365","doxil","after","Mef(En2)","major facilitator superfamily (MFS) antibiotic efflux pump","macrolide antibiotic; lincosamide antibiotic","antibiotic efflux",56704.5626617614
"ad365","365","doxil","after","Bifidobacterium adolescentis rpoB mutants conferring resistance to rifampicin","rifamycin-resistant beta-subunit of RNA polymerase (rpoB)","rifamycin antibiotic","antibiotic target alteration; antibiotic target replacement",104780.115477597
"ad365","365","doxil","after","tet(40)","major facilitator superfamily (MFS) antibiotic efflux pump","tetracycline antibiotic","antibiotic efflux",11299.8488376793
"ad366","366","doxil","after","CblA-1","CblA beta-lactamase","cephalosporin","antibiotic inactivation",24100.6343868356
"ad366","366","doxil","after","tet(40)","major facilitator superfamily (MFS) antibiotic efflux pump","tetracycline antibiotic","antibiotic efflux",73278.9559059189
"ad366","366","doxil","after","tet(Q)","tetracycline-resistant ribosomal protection protein","tetracycline antibiotic","antibiotic target protection",649673.255982516
"ad366","366","doxil","after","Mef(En2)","major facilitator superfamily (MFS) antibiotic efflux pump","macrolide antibiotic; lincosamide antibiotic","antibiotic efflux",21762.5131403515
"ad366","366","doxil","after","Bifidobacterium adolescentis rpoB mutants conferring resistance to rifampicin","rifamycin-resistant beta-subunit of RNA polymerase (rpoB)","rifamycin antibiotic","antibiotic target alteration; antibiotic target replacement",214408.339616667
"ad366","366","doxil","after","tet(W/32/O)","tetracycline-resistant ribosomal protection protein","tetracycline antibiotic","antibiotic target protection",16776.3009677113
"ad367","367","doxil","after","tet(40)","major facilitator superfamily (MFS) antibiotic efflux pump","tetracycline antibiotic","antibiotic efflux",20361.376697619
"ad367","367","doxil","after","tet(44)","tetracycline-resistant ribosomal protection protein","tetracycline antibiotic","antibiotic target protection",7757.01745640962
"ad367","367","doxil","after","tet(Q)","tetracycline-resistant ribosomal protection protein","tetracycline antibiotic","antibiotic target protection",617752.719599411
"ad367","367","doxil","after","Bifidobacterium adolescentis rpoB mutants conferring resistance to rifampicin","rifamycin-resistant beta-subunit of RNA polymerase (rpoB)","rifamycin antibiotic","antibiotic target alteration; antibiotic target replacement",342967.835316013
"ad367","367","doxil","after","CblA-1","CblA beta-lactamase","cephalosporin","antibiotic inactivation",11161.0509305467
"ad368","368","doxil","after","tet(O)","tetracycline-resistant ribosomal protection protein","tetracycline antibiotic","antibiotic target protection",7018.40644170872
"ad368","368","doxil","after","Mef(En2)","major facilitator superfamily (MFS) antibiotic efflux pump","macrolide antibiotic; lincosamide antibiotic","antibiotic efflux",16760.3735921402
"ad368","368","doxil","after","Bifidobacterium adolescentis rpoB mutants conferring resistance to rifampicin","rifamycin-resistant beta-subunit of RNA polymerase (rpoB)","rifamycin antibiotic","antibiotic target alteration; antibiotic target replacement",627931.56201303
"ad368","368","doxil","after","tet(Q)","tetracycline-resistant ribosomal protection protein","tetracycline antibiotic","antibiotic target protection",334494.264455905
"ad368","368","doxil","after","tet(40)","major facilitator superfamily (MFS) antibiotic efflux pump","tetracycline antibiotic","antibiotic efflux",13795.3934972162
"am357","357","metro","after","tet(Q)","tetracycline-resistant ribosomal protection protein","tetracycline antibiotic","antibiotic target protection",733936.493578898
"am357","357","metro","after","tet(40)","major facilitator superfamily (MFS) antibiotic efflux pump","tetracycline antibiotic","antibiotic efflux",6337.71304103155
"am357","357","metro","after","tet(W)","tetracycline-resistant ribosomal protection protein","tetracycline antibiotic","antibiotic target protection",4926.03147303789
"am357","357","metro","after","Mef(En2)","major facilitator superfamily (MFS) antibiotic efflux pump","macrolide antibiotic; lincosamide antibiotic","antibiotic efflux",230995.451435807
"am357","357","metro","after","Bifidobacterium adolescentis rpoB mutants conferring resistance to rifampicin","rifamycin-resistant beta-subunit of RNA polymerase (rpoB)","rifamycin antibiotic","antibiotic target alteration; antibiotic target replacement",20221.7421271985
"am357","357","metro","after","tet(O)","tetracycline-resistant ribosomal protection protein","tetracycline antibiotic","antibiotic target protection",3582.56834402756
"am358","358","metro","after","tet(40)","major facilitator superfamily (MFS) antibiotic efflux pump","tetracycline antibiotic","antibiotic efflux",12297.5088273111
"am358","358","metro","after","tet(W)","tetracycline-resistant ribosomal protection protein","tetracycline antibiotic","antibiotic target protection",4841.22910753744
"am358","358","metro","after","tet(Q)","tetracycline-resistant ribosomal protection protein","tetracycline antibiotic","antibiotic target protection",839614.239608831
"am358","358","metro","after","Mef(En2)","major facilitator superfamily (MFS) antibiotic efflux pump","macrolide antibiotic; lincosamide antibiotic","antibiotic efflux",129840.541850832
"am358","358","metro","after","tet(O)","tetracycline-resistant ribosomal protection protein","tetracycline antibiotic","antibiotic target protection",13406.4806054883
"am359","359","metro","after","tet(40)","major facilitator superfamily (MFS) antibiotic efflux pump","tetracycline antibiotic","antibiotic efflux",40661.049005426
"am359","359","metro","after","tet(Q)","tetracycline-resistant ribosomal protection protein","tetracycline antibiotic","antibiotic target protection",798682.597770825
"am359","359","metro","after","Mef(En2)","major facilitator superfamily (MFS) antibiotic efflux pump","macrolide antibiotic; lincosamide antibiotic","antibiotic efflux",128018.655837524
"am359","359","metro","after","tet(W/32/O)","tetracycline-resistant ribosomal protection protein","tetracycline antibiotic","antibiotic target protection",7883.50178411223
"am359","359","metro","after","tet(O)","tetracycline-resistant ribosomal protection protein","tetracycline antibiotic","antibiotic target protection",24754.1956021124
"am360","360","metro","after","CblA-1","CblA beta-lactamase","cephalosporin","antibiotic inactivation",6163.47320910649
"am360","360","metro","after","tet(Q)","tetracycline-resistant ribosomal protection protein","tetracycline antibiotic","antibiotic target protection",803014.162525872
"am360","360","metro","after","tet(O)","tetracycline-resistant ribosomal protection protein","tetracycline antibiotic","antibiotic target protection",8244.2119128793
"am360","360","metro","after","Mef(En2)","major facilitator superfamily (MFS) antibiotic efflux pump","macrolide antibiotic; lincosamide antibiotic","antibiotic efflux",53036.1728906521
"am360","360","metro","after","Bifidobacterium adolescentis rpoB mutants conferring resistance to rifampicin","rifamycin-resistant beta-subunit of RNA polymerase (rpoB)","rifamycin antibiotic","antibiotic target alteration; antibiotic target replacement",129541.97946149
"am361","361","metro","after","CblA-1","CblA beta-lactamase","cephalosporin","antibiotic inactivation",3788.89283174199
"am361","361","metro","after","CfxA6","CfxA beta-lactamase","cephalosporin","antibiotic inactivation",2965.77868870166
"am361","361","metro","after","tet(40)","major facilitator superfamily (MFS) antibiotic efflux pump","tetracycline antibiotic","antibiotic efflux",5011.32278252361
"am361","361","metro","after","tet(Q)","tetracycline-resistant ribosomal protection protein","tetracycline antibiotic","antibiotic target protection",803679.664224431
"am361","361","metro","after","vanR gene in vanG cluster","glycopeptide resistance gene cluster; vanR","glycopeptide antibiotic","antibiotic target alteration",21457.0138543355
"am361","361","metro","after","Mef(En2)","major facilitator superfamily (MFS) antibiotic efflux pump","macrolide antibiotic; lincosamide antibiotic","antibiotic efflux",57209.8076688356
"am361","361","metro","after","vanY gene in vanG cluster","vanY; glycopeptide resistance gene cluster","glycopeptide antibiotic","antibiotic target alteration",18336.3806886157
"am361","361","metro","after","Bifidobacterium adolescentis rpoB mutants conferring resistance to rifampicin","rifamycin-resistant beta-subunit of RNA polymerase (rpoB)","rifamycin antibiotic","antibiotic target alteration; antibiotic target replacement",78211.7494606219
"am361","361","metro","after","vanS gene in vanG cluster","vanS; glycopeptide resistance gene cluster","glycopeptide antibiotic","antibiotic target alteration",9339.3898001933
"am362","362","metro","after","CblA-1","CblA beta-lactamase","cephalosporin","antibiotic inactivation",10579.661476975
"am362","362","metro","after","CfxA6","CfxA beta-lactamase","cephalosporin","antibiotic inactivation",3263.56404098626
"am362","362","metro","after","tet(40)","major facilitator superfamily (MFS) antibiotic efflux pump","tetracycline antibiotic","antibiotic efflux",3993.25526390948
"am362","362","metro","after","tet(Q)","tetracycline-resistant ribosomal protection protein","tetracycline antibiotic","antibiotic target protection",535164.984836501
"am362","362","metro","after","vanR gene in vanG cluster","glycopeptide resistance gene cluster; vanR","glycopeptide antibiotic","antibiotic target alteration",6427.56172140006
"am362","362","metro","after","Mef(En2)","major facilitator superfamily (MFS) antibiotic efflux pump","macrolide antibiotic; lincosamide antibiotic","antibiotic efflux",25605.1765802753
"am362","362","metro","after","Bifidobacterium adolescentis rpoB mutants conferring resistance to rifampicin","rifamycin-resistant beta-subunit of RNA polymerase (rpoB)","rifamycin antibiotic","antibiotic target alteration; antibiotic target replacement",410854.94359689
"am362","362","metro","after","vanS gene in vanG cluster","vanS; glycopeptide resistance gene cluster","glycopeptide antibiotic","antibiotic target alteration",4110.85248306345
"amd782","782","metro+doxil","after","CblA-1","CblA beta-lactamase","cephalosporin","antibiotic inactivation",11493.001835356
"amd782","782","metro+doxil","after","tet(Q)","tetracycline-resistant ribosomal protection protein","tetracycline antibiotic","antibiotic target protection",268543.245164208
"amd782","782","metro+doxil","after","vanR gene in vanG cluster","glycopeptide resistance gene cluster; vanR","glycopeptide antibiotic","antibiotic target alteration",6749.70362025571
"amd782","782","metro+doxil","after","Mef(En2)","major facilitator superfamily (MFS) antibiotic efflux pump","macrolide antibiotic; lincosamide antibiotic","antibiotic efflux",22076.8557643332
"amd782","782","metro+doxil","after","tet(W/N/W)","tetracycline-resistant ribosomal protection protein","tetracycline antibiotic","antibiotic target protection",3733.42981495394
"amd782","782","metro+doxil","after","Bifidobacterium bifidum ileS conferring resistance to mupirocin","antibiotic-resistant isoleucyl-tRNA synthetase (ileS)","mupirocin-like antibiotic","antibiotic target alteration",227869.506876611
"amd782","782","metro+doxil","after","Bifidobacterium adolescentis rpoB mutants conferring resistance to rifampicin","rifamycin-resistant beta-subunit of RNA polymerase (rpoB)","rifamycin antibiotic","antibiotic target alteration; antibiotic target replacement",455889.718295399
"amd782","782","metro+doxil","after","tet(W/32/O)","tetracycline-resistant ribosomal protection protein","tetracycline antibiotic","antibiotic target protection",3644.53862888361
"amd783","783","metro+doxil","after","tet(40)","major facilitator superfamily (MFS) antibiotic efflux pump","tetracycline antibiotic","antibiotic efflux",39183.3449550938
"amd783","783","metro+doxil","after","tet(Q)","tetracycline-resistant ribosomal protection protein","tetracycline antibiotic","antibiotic target protection",385811.36799523
"amd783","783","metro+doxil","after","vanR gene in vanG cluster","glycopeptide resistance gene cluster; vanR","glycopeptide antibiotic","antibiotic target alteration",11000.5271755087
"amd783","783","metro+doxil","after","Mef(En2)","major facilitator superfamily (MFS) antibiotic efflux pump","macrolide antibiotic; lincosamide antibiotic","antibiotic efflux",19374.0627867168
"amd783","783","metro+doxil","after","CblA-1","CblA beta-lactamase","cephalosporin","antibiotic inactivation",18731.0563738821
"amd783","783","metro+doxil","after","Bifidobacterium adolescentis rpoB mutants conferring resistance to rifampicin","rifamycin-resistant beta-subunit of RNA polymerase (rpoB)","rifamycin antibiotic","antibiotic target alteration; antibiotic target replacement",377826.868086196
"amd783","783","metro+doxil","after","Bifidobacterium bifidum ileS conferring resistance to mupirocin","antibiotic-resistant isoleucyl-tRNA synthetase (ileS)","mupirocin-like antibiotic","antibiotic target alteration",140249.629863719
"amd783","783","metro+doxil","after","tet(W/32/O)","tetracycline-resistant ribosomal protection protein","tetracycline antibiotic","antibiotic target protection",7823.14276365418
"amd784","784","metro+doxil","after","CblA-1","CblA beta-lactamase","cephalosporin","antibiotic inactivation",28679.4056709217
"amd784","784","metro+doxil","after","tet(40)","major facilitator superfamily (MFS) antibiotic efflux pump","tetracycline antibiotic","antibiotic efflux",8138.75025796426
"amd784","784","metro+doxil","after","tet(Q)","tetracycline-resistant ribosomal protection protein","tetracycline antibiotic","antibiotic target protection",452594.146636551
"amd784","784","metro+doxil","after","Bifidobacterium bifidum ileS conferring resistance to mupirocin","antibiotic-resistant isoleucyl-tRNA synthetase (ileS)","mupirocin-like antibiotic","antibiotic target alteration",81573.2373392686
"amd784","784","metro+doxil","after","Bifidobacterium adolescentis rpoB mutants conferring resistance to rifampicin","rifamycin-resistant beta-subunit of RNA polymerase (rpoB)","rifamycin antibiotic","antibiotic target alteration; antibiotic target replacement",337067.581013994
"amd784","784","metro+doxil","after","tet(W/32/O)","tetracycline-resistant ribosomal protection protein","tetracycline antibiotic","antibiotic target protection",6408.05470459656
"amd784","784","metro+doxil","after","Mef(En2)","major facilitator superfamily (MFS) antibiotic efflux pump","macrolide antibiotic; lincosamide antibiotic","antibiotic efflux",85538.8243767042
"amd785","785","metro+doxil","after","CblA-1","CblA beta-lactamase","cephalosporin","antibiotic inactivation",8972.86548117985
"amd785","785","metro+doxil","after","tet(Q)","tetracycline-resistant ribosomal protection protein","tetracycline antibiotic","antibiotic target protection",618309.523780633
"amd785","785","metro+doxil","after","tet(O)","tetracycline-resistant ribosomal protection protein","tetracycline antibiotic","antibiotic target protection",8883.13682636805
"amd785","785","metro+doxil","after","Mef(En2)","major facilitator superfamily (MFS) antibiotic efflux pump","macrolide antibiotic; lincosamide antibiotic","antibiotic efflux",103857.569860522
"amd785","785","metro+doxil","after","Bifidobacterium bifidum ileS conferring resistance to mupirocin","antibiotic-resistant isoleucyl-tRNA synthetase (ileS)","mupirocin-like antibiotic","antibiotic target alteration",77126.1518679248
"amd785","785","metro+doxil","after","Bifidobacterium adolescentis rpoB mutants conferring resistance to rifampicin","rifamycin-resistant beta-subunit of RNA polymerase (rpoB)","rifamycin antibiotic","antibiotic target alteration; antibiotic target replacement",173247.361019731
"amd785","785","metro+doxil","after","tet(40)","major facilitator superfamily (MFS) antibiotic efflux pump","tetracycline antibiotic","antibiotic efflux",9603.39116364113
"amd786","786","metro+doxil","after","CblA-1","CblA beta-lactamase","cephalosporin","antibiotic inactivation",5567.66476904469
"amd786","786","metro+doxil","after","tet(40)","major facilitator superfamily (MFS) antibiotic efflux pump","tetracycline antibiotic","antibiotic efflux",8438.31105329226
"amd786","786","metro+doxil","after","tet(Q)","tetracycline-resistant ribosomal protection protein","tetracycline antibiotic","antibiotic target protection",653396.768184849
"amd786","786","metro+doxil","after","tet(32)","tetracycline-resistant ribosomal protection protein","tetracycline antibiotic","antibiotic target protection",7949.98286733785
"amd786","786","metro+doxil","after","tet(O)","tetracycline-resistant ribosomal protection protein","tetracycline antibiotic","antibiotic target protection",5863.11236466166
"amd786","786","metro+doxil","after","Bifidobacterium adolescentis rpoB mutants conferring resistance to rifampicin","rifamycin-resistant beta-subunit of RNA polymerase (rpoB)","rifamycin antibiotic","antibiotic target alteration; antibiotic target replacement",192460.57933936
"amd786","786","metro+doxil","after","Bifidobacterium bifidum ileS conferring resistance to mupirocin","antibiotic-resistant isoleucyl-tRNA synthetase (ileS)","mupirocin-like antibiotic","antibiotic target alteration",56711.7911402873
"amd786","786","metro+doxil","after","Mef(En2)","major facilitator superfamily (MFS) antibiotic efflux pump","macrolide antibiotic; lincosamide antibiotic","antibiotic efflux",69611.7902811672
"amd787","787","metro+doxil","after","CblA-1","CblA beta-lactamase","cephalosporin","antibiotic inactivation",5152.87627401851
"amd787","787","metro+doxil","after","tet(40)","major facilitator superfamily (MFS) antibiotic efflux pump","tetracycline antibiotic","antibiotic efflux",14503.655612971
"amd787","787","metro+doxil","after","Mef(En2)","major facilitator superfamily (MFS) antibiotic efflux pump","macrolide antibiotic; lincosamide antibiotic","antibiotic efflux",37525.9038676124
"amd787","787","metro+doxil","after","Bifidobacterium bifidum ileS conferring resistance to mupirocin","antibiotic-resistant isoleucyl-tRNA synthetase (ileS)","mupirocin-like antibiotic","antibiotic target alteration",119377.84596403
"amd787","787","metro+doxil","after","Bifidobacterium adolescentis rpoB mutants conferring resistance to rifampicin","rifamycin-resistant beta-subunit of RNA polymerase (rpoB)","rifamycin antibiotic","antibiotic target alteration; antibiotic target replacement",252611.557770546
"amd787","787","metro+doxil","after","tet(Q)","tetracycline-resistant ribosomal protection protein","tetracycline antibiotic","antibiotic target protection",570828.160510822
"bc351","351","control","before","Bifidobacterium adolescentis rpoB mutants conferring resistance to rifampicin","rifamycin-resistant beta-subunit of RNA polymerase (rpoB)","rifamycin antibiotic","antibiotic target alteration; antibiotic target replacement",134119.122897516
"bc351","351","control","before","tet(Q)","tetracycline-resistant ribosomal protection protein","tetracycline antibiotic","antibiotic target protection",747003.258419448
"bc351","351","control","before","CfxA6","CfxA beta-lactamase","cephalosporin","antibiotic inactivation",87911.314642212
"bc351","351","control","before","tet(40)","major facilitator superfamily (MFS) antibiotic efflux pump","tetracycline antibiotic","antibiotic efflux",30966.3040408238
"bc352","352","control","before","CfxA6","CfxA beta-lactamase","cephalosporin","antibiotic inactivation",28292.3026500004
"bc352","352","control","before","tet(Q)","tetracycline-resistant ribosomal protection protein","tetracycline antibiotic","antibiotic target protection",791430.754712286
"bc352","352","control","before","Bifidobacterium adolescentis rpoB mutants conferring resistance to rifampicin","rifamycin-resistant beta-subunit of RNA polymerase (rpoB)","rifamycin antibiotic","antibiotic target alteration; antibiotic target replacement",152446.705343899
"bc352","352","control","before","tet(40)","major facilitator superfamily (MFS) antibiotic efflux pump","tetracycline antibiotic","antibiotic efflux",27830.2372938145
"bc353","353","control","before","CfxA6","CfxA beta-lactamase","cephalosporin","antibiotic inactivation",15167.2508669676
"bc353","353","control","before","tet(Q)","tetracycline-resistant ribosomal protection protein","tetracycline antibiotic","antibiotic target protection",810173.995246118
"bc353","353","control","before","Mef(En2)","major facilitator superfamily (MFS) antibiotic efflux pump","macrolide antibiotic; lincosamide antibiotic","antibiotic efflux",117746.160461772
"bc353","353","control","before","tet(40)","major facilitator superfamily (MFS) antibiotic efflux pump","tetracycline antibiotic","antibiotic efflux",56912.5934251423
"bc354","354","control","before","CfxA6","CfxA beta-lactamase","cephalosporin","antibiotic inactivation",11194.7775197229
"bc354","354","control","before","tet(Q)","tetracycline-resistant ribosomal protection protein","tetracycline antibiotic","antibiotic target protection",873247.089225409
"bc354","354","control","before","Mef(En2)","major facilitator superfamily (MFS) antibiotic efflux pump","macrolide antibiotic; lincosamide antibiotic","antibiotic efflux",89988.931332671
"bc354","354","control","before","tet(40)","major facilitator superfamily (MFS) antibiotic efflux pump","tetracycline antibiotic","antibiotic efflux",25569.2019221975
"bc355","355","control","before","tet(40)","major facilitator superfamily (MFS) antibiotic efflux pump","tetracycline antibiotic","antibiotic efflux",10843.9128192076
"bc355","355","control","before","tet(Q)","tetracycline-resistant ribosomal protection protein","tetracycline antibiotic","antibiotic target protection",889928.918921298
"bc355","355","control","before","Mef(En2)","major facilitator superfamily (MFS) antibiotic efflux pump","macrolide antibiotic; lincosamide antibiotic","antibiotic efflux",78812.0092395982
"bc355","355","control","before","CfxA6","CfxA beta-lactamase","cephalosporin","antibiotic inactivation",20415.1590198959
"bc356","356","control","before","tet(40)","major facilitator superfamily (MFS) antibiotic efflux pump","tetracycline antibiotic","antibiotic efflux",6400.2490637023
"bc356","356","control","before","tet(Q)","tetracycline-resistant ribosomal protection protein","tetracycline antibiotic","antibiotic target protection",948240.771875383
"bc356","356","control","before","Mef(En2)","major facilitator superfamily (MFS) antibiotic efflux pump","macrolide antibiotic; lincosamide antibiotic","antibiotic efflux",45358.9790609151
"bd363","363","doxil","before","tet(40)","major facilitator superfamily (MFS) antibiotic efflux pump","tetracycline antibiotic","antibiotic efflux",16583.8664984458
"bd363","363","doxil","before","tet(Q)","tetracycline-resistant ribosomal protection protein","tetracycline antibiotic","antibiotic target protection",808725.103553419
"bd363","363","doxil","before","tet(O)","tetracycline-resistant ribosomal protection protein","tetracycline antibiotic","antibiotic target protection",12022.7849655451
"bd363","363","doxil","before","Mef(En2)","major facilitator superfamily (MFS) antibiotic efflux pump","macrolide antibiotic; lincosamide antibiotic","antibiotic efflux",18804.9495140586
"bd363","363","doxil","before","Bifidobacterium adolescentis rpoB mutants conferring resistance to rifampicin","rifamycin-resistant beta-subunit of RNA polymerase (rpoB)","rifamycin antibiotic","antibiotic target alteration; antibiotic target replacement",143863.295468531
"bd364","364","doxil","before","CblA-1","CblA beta-lactamase","cephalosporin","antibiotic inactivation",8136.40658134542
"bd364","364","doxil","before","tet(32)","tetracycline-resistant ribosomal protection protein","tetracycline antibiotic","antibiotic target protection",5034.40157220748
"bd364","364","doxil","before","tet(Q)","tetracycline-resistant ribosomal protection protein","tetracycline antibiotic","antibiotic target protection",955771.192097505
"bd364","364","doxil","before","Mef(En2)","major facilitator superfamily (MFS) antibiotic efflux pump","macrolide antibiotic; lincosamide antibiotic","antibiotic efflux",31057.9997489417
"bd365","365","doxil","before","tet(40)","major facilitator superfamily (MFS) antibiotic efflux pump","tetracycline antibiotic","antibiotic efflux",9976.89366300743
"bd365","365","doxil","before","tet(Q)","tetracycline-resistant ribosomal protection protein","tetracycline antibiotic","antibiotic target protection",851614.300116224
"bd365","365","doxil","before","vanR gene in vanG cluster","glycopeptide resistance gene cluster; vanR","glycopeptide antibiotic","antibiotic target alteration",14747.9263468911
"bd365","365","doxil","before","Mef(En2)","major facilitator superfamily (MFS) antibiotic efflux pump","macrolide antibiotic; lincosamide antibiotic","antibiotic efflux",28859.9553720258
"bd365","365","doxil","before","Bifidobacterium adolescentis rpoB mutants conferring resistance to rifampicin","rifamycin-resistant beta-subunit of RNA polymerase (rpoB)","rifamycin antibiotic","antibiotic target alteration; antibiotic target replacement",86988.3305223537
"bd365","365","doxil","before","CblA-1","CblA beta-lactamase","cephalosporin","antibiotic inactivation",7812.59397949788
"bd366","366","doxil","before","CblA-1","CblA beta-lactamase","cephalosporin","antibiotic inactivation",15205.9186846546
"bd366","366","doxil","before","tet(Q)","tetracycline-resistant ribosomal protection protein","tetracycline antibiotic","antibiotic target protection",940980.60964262
"bd366","366","doxil","before","Mef(En2)","major facilitator superfamily (MFS) antibiotic efflux pump","macrolide antibiotic; lincosamide antibiotic","antibiotic efflux",43813.4716727249
"bd367","367","doxil","before","CblA-1","CblA beta-lactamase","cephalosporin","antibiotic inactivation",10620.1865988627
"bd367","367","doxil","before","CfxA6","CfxA beta-lactamase","cephalosporin","antibiotic inactivation",22801.4126737027
"bd367","367","doxil","before","tet(Q)","tetracycline-resistant ribosomal protection protein","tetracycline antibiotic","antibiotic target protection",925166.741692107
"bd367","367","doxil","before","Mef(En2)","major facilitator superfamily (MFS) antibiotic efflux pump","macrolide antibiotic; lincosamide antibiotic","antibiotic efflux",27461.9004216859
"bd367","367","doxil","before","tet(40)","major facilitator superfamily (MFS) antibiotic efflux pump","tetracycline antibiotic","antibiotic efflux",13949.7586136412
"bd368","368","doxil","before","CblA-1","CblA beta-lactamase","cephalosporin","antibiotic inactivation",25631.423935535
"bd368","368","doxil","before","CfxA6","CfxA beta-lactamase","cephalosporin","antibiotic inactivation",12068.0610476441
"bd368","368","doxil","before","tet(Q)","tetracycline-resistant ribosomal protection protein","tetracycline antibiotic","antibiotic target protection",782443.192119441
"bd368","368","doxil","before","vanR gene in vanG cluster","glycopeptide resistance gene cluster; vanR","glycopeptide antibiotic","antibiotic target alteration",33954.2056594732
"bd368","368","doxil","before","tet(O)","tetracycline-resistant ribosomal protection protein","tetracycline antibiotic","antibiotic target protection",24415.196007015
"bd368","368","doxil","before","Mef(En2)","major facilitator superfamily (MFS) antibiotic efflux pump","macrolide antibiotic; lincosamide antibiotic","antibiotic efflux",32889.9693626837
"bd368","368","doxil","before","tet(40)","major facilitator superfamily (MFS) antibiotic efflux pump","tetracycline antibiotic","antibiotic efflux",88597.9518682077
"bm357","357","metro","before","Mef(En2)","major facilitator superfamily (MFS) antibiotic efflux pump","macrolide antibiotic; lincosamide antibiotic","antibiotic efflux",125318.443253412
"bm357","357","metro","before","tet(Q)","tetracycline-resistant ribosomal protection protein","tetracycline antibiotic","antibiotic target protection",874681.556746588
"bm358","358","metro","before","tet(W)","tetracycline-resistant ribosomal protection protein","tetracycline antibiotic","antibiotic target protection",8269.88805564438
"bm358","358","metro","before","CfxA6","CfxA beta-lactamase","cephalosporin","antibiotic inactivation",27632.7183224744
"bm358","358","metro","before","tet(Q)","tetracycline-resistant ribosomal protection protein","tetracycline antibiotic","antibiotic target protection",759857.758855398
"bm358","358","metro","before","tet(32)","tetracycline-resistant ribosomal protection protein","tetracycline antibiotic","antibiotic target protection",21501.7089446754
"bm358","358","metro","before","tet(O)","tetracycline-resistant ribosomal protection protein","tetracycline antibiotic","antibiotic target protection",93449.7350287815
"bm358","358","metro","before","Mef(En2)","major facilitator superfamily (MFS) antibiotic efflux pump","macrolide antibiotic; lincosamide antibiotic","antibiotic efflux",14043.7236633165
"bm358","358","metro","before","tet(O/32/O)","tetracycline-resistant ribosomal protection protein","tetracycline antibiotic","antibiotic target protection",28117.6193891909
"bm358","358","metro","before","tet(W/32/O)","tetracycline-resistant ribosomal protection protein","tetracycline antibiotic","antibiotic target protection",5513.25870376292
"bm358","358","metro","before","tet(40)","major facilitator superfamily (MFS) antibiotic efflux pump","tetracycline antibiotic","antibiotic efflux",41613.589036756
"bm359","359","metro","before","tet(W)","tetracycline-resistant ribosomal protection protein","tetracycline antibiotic","antibiotic target protection",9438.26358744108
"bm359","359","metro","before","tet(40)","major facilitator superfamily (MFS) antibiotic efflux pump","tetracycline antibiotic","antibiotic efflux",65111.077328277
"bm359","359","metro","before","CfxA6","CfxA beta-lactamase","cephalosporin","antibiotic inactivation",14085.8655949373
"bm359","359","metro","before","tet(Q)","tetracycline-resistant ribosomal protection protein","tetracycline antibiotic","antibiotic target protection",655042.700042582
"bm359","359","metro","before","tet(O)","tetracycline-resistant ribosomal protection protein","tetracycline antibiotic","antibiotic target protection",144009.634737407
"bm359","359","metro","before","Mef(En2)","major facilitator superfamily (MFS) antibiotic efflux pump","macrolide antibiotic; lincosamide antibiotic","antibiotic efflux",31021.6078110726
"bm359","359","metro","before","tet(O/M/O)","tetracycline-resistant ribosomal protection protein","tetracycline antibiotic","antibiotic target protection",69112.4462693266
"bm359","359","metro","before","tet(W/32/O)","tetracycline-resistant ribosomal protection protein","tetracycline antibiotic","antibiotic target protection",12178.4046289562
"bm360","360","metro","before","CfxA6","CfxA beta-lactamase","cephalosporin","antibiotic inactivation",18962.1721354838
"bm360","360","metro","before","tet(Q)","tetracycline-resistant ribosomal protection protein","tetracycline antibiotic","antibiotic target protection",953442.13332995
"bm360","360","metro","before","Mef(En2)","major facilitator superfamily (MFS) antibiotic efflux pump","macrolide antibiotic; lincosamide antibiotic","antibiotic efflux",18671.8977820895
"bm360","360","metro","before","tet(40)","major facilitator superfamily (MFS) antibiotic efflux pump","tetracycline antibiotic","antibiotic efflux",8923.79675247678
"bm361","361","metro","before","tet(Q)","tetracycline-resistant ribosomal protection protein","tetracycline antibiotic","antibiotic target protection",938294.078534334
"bm361","361","metro","before","Mef(En2)","major facilitator superfamily (MFS) antibiotic efflux pump","macrolide antibiotic; lincosamide antibiotic","antibiotic efflux",20227.098401357
"bm361","361","metro","before","CfxA6","CfxA beta-lactamase","cephalosporin","antibiotic inactivation",31489.5189398062
"bm361","361","metro","before","tet(40)","major facilitator superfamily (MFS) antibiotic efflux pump","tetracycline antibiotic","antibiotic efflux",9989.30412450309
"bm362","362","metro","before","tet(40)","major facilitator superfamily (MFS) antibiotic efflux pump","tetracycline antibiotic","antibiotic efflux",21899.0957543283
"bm362","362","metro","before","tet(Q)","tetracycline-resistant ribosomal protection protein","tetracycline antibiotic","antibiotic target protection",890239.659143005
"bm362","362","metro","before","vanR gene in vanG cluster","glycopeptide resistance gene cluster; vanR","glycopeptide antibiotic","antibiotic target alteration",18883.3304491772
"bm362","362","metro","before","Mef(En2)","major facilitator superfamily (MFS) antibiotic efflux pump","macrolide antibiotic; lincosamide antibiotic","antibiotic efflux",68977.9146534896
"bmd782","782","metro+doxil","before","tet(40)","major facilitator superfamily (MFS) antibiotic efflux pump","tetracycline antibiotic","antibiotic efflux",12122.1852237415
"bmd782","782","metro+doxil","before","tet(Q)","tetracycline-resistant ribosomal protection protein","tetracycline antibiotic","antibiotic target protection",918292.918092501
"bmd782","782","metro+doxil","before","Mef(En2)","major facilitator superfamily (MFS) antibiotic efflux pump","macrolide antibiotic; lincosamide antibiotic","antibiotic efflux",20214.2848711967
"bmd782","782","metro+doxil","before","CblA-1","CblA beta-lactamase","cephalosporin","antibiotic inactivation",37132.4453694565
"bmd782","782","metro+doxil","before","CfxA6","CfxA beta-lactamase","cephalosporin","antibiotic inactivation",12238.166443104
"bmd783","783","metro+doxil","before","CfxA6","CfxA beta-lactamase","cephalosporin","antibiotic inactivation",14760.240603004
"bmd783","783","metro+doxil","before","CblA-1","CblA beta-lactamase","cephalosporin","antibiotic inactivation",21999.5505283831
"bmd783","783","metro+doxil","before","tet(40)","major facilitator superfamily (MFS) antibiotic efflux pump","tetracycline antibiotic","antibiotic efflux",15251.0397581899
"bmd783","783","metro+doxil","before","tet(O)","tetracycline-resistant ribosomal protection protein","tetracycline antibiotic","antibiotic target protection",9698.70809622389
"bmd783","783","metro+doxil","before","Mef(En2)","major facilitator superfamily (MFS) antibiotic efflux pump","macrolide antibiotic; lincosamide antibiotic","antibiotic efflux",22754.7589793574
"bmd783","783","metro+doxil","before","tet(Q)","tetracycline-resistant ribosomal protection protein","tetracycline antibiotic","antibiotic target protection",915535.702034842
"bmd784","784","metro+doxil","before","tet(Q)","tetracycline-resistant ribosomal protection protein","tetracycline antibiotic","antibiotic target protection",88289.7453614006
"bmd784","784","metro+doxil","before","tet(O)","tetracycline-resistant ribosomal protection protein","tetracycline antibiotic","antibiotic target protection",29825.3796048982
"bmd784","784","metro+doxil","before","Bifidobacterium bifidum ileS conferring resistance to mupirocin","antibiotic-resistant isoleucyl-tRNA synthetase (ileS)","mupirocin-like antibiotic","antibiotic target alteration",71157.7099347751
"bmd784","784","metro+doxil","before","Bifidobacterium adolescentis rpoB mutants conferring resistance to rifampicin","rifamycin-resistant beta-subunit of RNA polymerase (rpoB)","rifamycin antibiotic","antibiotic target alteration; antibiotic target replacement",745672.726388018
"bmd784","784","metro+doxil","before","tet(W/32/O)","tetracycline-resistant ribosomal protection protein","tetracycline antibiotic","antibiotic target protection",18154.578889938
"bmd784","784","metro+doxil","before","tet(40)","major facilitator superfamily (MFS) antibiotic efflux pump","tetracycline antibiotic","antibiotic efflux",46899.8598209701
"bmd785","785","metro+doxil","before","CblA-1","CblA beta-lactamase","cephalosporin","antibiotic inactivation",4715.8641716007
"bmd785","785","metro+doxil","before","CfxA6","CfxA beta-lactamase","cephalosporin","antibiotic inactivation",22968.5312213203
"bmd785","785","metro+doxil","before","tet(40)","major facilitator superfamily (MFS) antibiotic efflux pump","tetracycline antibiotic","antibiotic efflux",6882.61257476859
"bmd785","785","metro+doxil","before","tet(Q)","tetracycline-resistant ribosomal protection protein","tetracycline antibiotic","antibiotic target protection",947576.935434804
"bmd785","785","metro+doxil","before","tet(O)","tetracycline-resistant ribosomal protection protein","tetracycline antibiotic","antibiotic target protection",9726.46985392644
"bmd785","785","metro+doxil","before","Mef(En2)","major facilitator superfamily (MFS) antibiotic efflux pump","macrolide antibiotic; lincosamide antibiotic","antibiotic efflux",8129.58674358031
"bmd786","786","metro+doxil","before","tet(Q)","tetracycline-resistant ribosomal protection protein","tetracycline antibiotic","antibiotic target protection",33853.8213484752
"bmd786","786","metro+doxil","before","Bifidobacterium bifidum ileS conferring resistance to mupirocin","antibiotic-resistant isoleucyl-tRNA synthetase (ileS)","mupirocin-like antibiotic","antibiotic target alteration",96656.3734348822
"bmd786","786","metro+doxil","before","Bifidobacterium adolescentis rpoB mutants conferring resistance to rifampicin","rifamycin-resistant beta-subunit of RNA polymerase (rpoB)","rifamycin antibiotic","antibiotic target alteration; antibiotic target replacement",810567.676246328
"bmd786","786","metro+doxil","before","tet(40)","major facilitator superfamily (MFS) antibiotic efflux pump","tetracycline antibiotic","antibiotic efflux",29470.9319847055
"bmd786","786","metro+doxil","before","tet(W/32/O)","tetracycline-resistant ribosomal protection protein","tetracycline antibiotic","antibiotic target protection",29451.1969856086
"bmd787","787","metro+doxil","before","tet(40)","major facilitator superfamily (MFS) antibiotic efflux pump","tetracycline antibiotic","antibiotic efflux",105946.233764658
"bmd787","787","metro+doxil","before","Bifidobacterium adolescentis rpoB mutants conferring resistance to rifampicin","rifamycin-resistant beta-subunit of RNA polymerase (rpoB)","rifamycin antibiotic","antibiotic target alteration; antibiotic target replacement",829741.091520389
"bmd787","787","metro+doxil","before","tet(W)","tetracycline-resistant ribosomal protection protein","tetracycline antibiotic","antibiotic target protection",64312.6747149526
